root_id,cell_type,super_class,side,top_nt,top_nt_conf,known_nt,known_nt_source,vfb_id,fbbt_id
720575940626745392,LPLC2,visual_projection,right,acetylcholine,0.5938895305175015,acetylcholine,"Davis et al., 2020 (TAPIN)",fw000119,FBbt_00111763
720575940626447848,LPLC2,visual_projection,right,acetylcholine,0.44377651341063235,acetylcholine,"Davis et al., 2020 (TAPIN)",fw000636,FBbt_00111763
720575940631380695,LPLC2,visual_projection,left,acetylcholine,0.5833305410963041,acetylcholine,"Davis et al., 2020 (TAPIN)",fw001111,FBbt_00111763
720575940618002644,LC4,visual_projection,left,acetylcholine,0.5835598448005004,acetylcholine,"Davis et al., 2020 (TAPIN)",fw001153,FBbt_00003874
720575940626916936,LC4,visual_projection,left,acetylcholine,0.6268629248257755,acetylcholine,"Davis et al., 2020 (TAPIN)",fw001154,FBbt_00003874
720575940632769180,LC4,visual_projection,left,acetylcholine,0.6104038909435661,acetylcholine,"Davis et al., 2020 (TAPIN)",fw001160,FBbt_00003874
720575940630484495,LC4,visual_projection,left,acetylcholine,0.6838924296275382,acetylcholine,"Davis et al., 2020 (TAPIN)",fw001186,FBbt_00003874
720575940612518055,LC4,visual_projection,left,acetylcholine,0.5856059593127513,acetylcholine,"Davis et al., 2020 (TAPIN)",fw001187,FBbt_00003874
720575940634517856,LC4,visual_projection,left,acetylcholine,0.6551156219521345,acetylcholine,"Davis et al., 2020 (TAPIN)",fw001191,FBbt_00003874
720575940633580384,LC4,visual_projection,left,acetylcholine,0.5069861288695127,acetylcholine,"Davis et al., 2020 (TAPIN)",fw001194,FBbt_00003874
720575940649229433,LC4,visual_projection,left,acetylcholine,0.6326982674850014,acetylcholine,"Davis et al., 2020 (TAPIN)",fw001236,FBbt_00003874
720575940630998339,LC4,visual_projection,left,acetylcholine,0.6004082383861999,acetylcholine,"Davis et al., 2020 (TAPIN)",fw001237,FBbt_00003874
720575940618723749,LC4,visual_projection,left,acetylcholine,0.5410937845538862,acetylcholine,"Davis et al., 2020 (TAPIN)",fw001250,FBbt_00003874
720575940625835278,LPLC2,visual_projection,right,acetylcholine,0.5008670720339685,acetylcholine,"Davis et al., 2020 (TAPIN)",fw001286,FBbt_00111763
720575940639109795,LPLC2,visual_projection,left,acetylcholine,0.5530034770764789,acetylcholine,"Davis et al., 2020 (TAPIN)",fw001979,FBbt_00111763
720575940612045352,LPLC2,visual_projection,right,acetylcholine,0.6949679772904047,acetylcholine,"Davis et al., 2020 (TAPIN)",fw002048,FBbt_00111763
720575940635307639,LPLC2,visual_projection,left,acetylcholine,0.5206612621126165,acetylcholine,"Davis et al., 2020 (TAPIN)",fw002311,FBbt_00111763
720575940616066705,LC4,visual_projection,right,acetylcholine,0.6232687511947032,acetylcholine,"Davis et al., 2020 (TAPIN)",fw002349,FBbt_00003874
720575940605825666,LPLC2,visual_projection,right,acetylcholine,0.6281807327922889,acetylcholine,"Davis et al., 2020 (TAPIN)",fw002355,FBbt_00111763
720575940626735016,LPLC2,visual_projection,right,acetylcholine,0.7430075236248677,acetylcholine,"Davis et al., 2020 (TAPIN)",fw002404,FBbt_00111763
720575940626414279,LPLC2,visual_projection,left,acetylcholine,0.5286323707385087,acetylcholine,"Davis et al., 2020 (TAPIN)",fw002664,FBbt_00111763
720575940618172509,LPLC2,visual_projection,right,acetylcholine,0.4852069029397573,acetylcholine,"Davis et al., 2020 (TAPIN)",fw002867,FBbt_00111763
720575940635040357,LPLC2,visual_projection,right,acetylcholine,0.4716738983324266,acetylcholine,"Davis et al., 2020 (TAPIN)",fw003040,FBbt_00111763
720575940623262461,LPLC2,visual_projection,left,acetylcholine,0.4260296645954489,acetylcholine,"Davis et al., 2020 (TAPIN)",fw003476,FBbt_00111763
720575940615232217,LC4,visual_projection,right,acetylcholine,0.6520964393898956,acetylcholine,"Davis et al., 2020 (TAPIN)",fw003573,FBbt_00003874
720575940641552347,LPLC2,visual_projection,left,acetylcholine,0.5735736391463921,acetylcholine,"Davis et al., 2020 (TAPIN)",fw003824,FBbt_00111763
720575940613145258,LPLC2,visual_projection,left,acetylcholine,0.5780676862971842,acetylcholine,"Davis et al., 2020 (TAPIN)",fw003876,FBbt_00111763
720575940630851036,LC4,visual_projection,left,acetylcholine,0.6152458906933427,acetylcholine,"Davis et al., 2020 (TAPIN)",fw003988,FBbt_00003874
720575940631032657,LC4,visual_projection,right,acetylcholine,0.5601455550287946,acetylcholine,"Davis et al., 2020 (TAPIN)",fw004169,FBbt_00003874
720575940641704656,LPLC2,visual_projection,left,acetylcholine,0.4284761615046012,acetylcholine,"Davis et al., 2020 (TAPIN)",fw004509,FBbt_00111763
720575940613804906,LPLC2,visual_projection,right,acetylcholine,0.5461236135662592,acetylcholine,"Davis et al., 2020 (TAPIN)",fw004831,FBbt_00111763
720575940633013355,LC4,visual_projection,right,acetylcholine,0.5739873605923514,acetylcholine,"Davis et al., 2020 (TAPIN)",fw004992,FBbt_00003874
720575940638626118,LPLC2,visual_projection,left,acetylcholine,0.6285710693700048,acetylcholine,"Davis et al., 2020 (TAPIN)",fw005067,FBbt_00111763
720575940615462587,LC4,visual_projection,left,acetylcholine,0.5619640237118932,acetylcholine,"Davis et al., 2020 (TAPIN)",fw005084,FBbt_00003874
720575940620575476,LPLC2,visual_projection,right,acetylcholine,0.5951676451971957,acetylcholine,"Davis et al., 2020 (TAPIN)",fw005112,FBbt_00111763
720575940621145821,LC4,visual_projection,right,acetylcholine,0.6373449092754252,acetylcholine,"Davis et al., 2020 (TAPIN)",fw005229,FBbt_00003874
720575940632129848,LPLC2,visual_projection,left,acetylcholine,0.5913166789073987,acetylcholine,"Davis et al., 2020 (TAPIN)",fw005329,FBbt_00111763
720575940612462307,LPLC2,visual_projection,right,acetylcholine,0.49472336466033057,acetylcholine,"Davis et al., 2020 (TAPIN)",fw005582,FBbt_00111763
720575940613256863,LC4,visual_projection,left,acetylcholine,0.5962822689152933,acetylcholine,"Davis et al., 2020 (TAPIN)",fw005726,FBbt_00003874
720575940617266722,LC4,visual_projection,left,acetylcholine,0.5830274217962489,acetylcholine,"Davis et al., 2020 (TAPIN)",fw006013,FBbt_00003874
720575940623652083,LPLC2,visual_projection,left,acetylcholine,0.5320876740354721,acetylcholine,"Davis et al., 2020 (TAPIN)",fw006189,FBbt_00111763
720575940626605200,LC4,visual_projection,left,acetylcholine,0.5912210969696529,acetylcholine,"Davis et al., 2020 (TAPIN)",fw006250,FBbt_00003874
720575940635516084,LPLC2,visual_projection,left,acetylcholine,0.5272645907783806,acetylcholine,"Davis et al., 2020 (TAPIN)",fw006332,FBbt_00111763
720575940639884878,LPLC2,visual_projection,left,acetylcholine,0.5126468451019939,acetylcholine,"Davis et al., 2020 (TAPIN)",fw006343,FBbt_00111763
720575940610226645,LPLC2,visual_projection,left,acetylcholine,0.6285890498396406,acetylcholine,"Davis et al., 2020 (TAPIN)",fw006372,FBbt_00111763
720575940619263937,LPLC2,visual_projection,left,acetylcholine,0.6694084866855168,acetylcholine,"Davis et al., 2020 (TAPIN)",fw006563,FBbt_00111763
720575940628419527,LC4,visual_projection,right,acetylcholine,0.6270646276336582,acetylcholine,"Davis et al., 2020 (TAPIN)",fw007240,FBbt_00003874
720575940624017251,LC4,visual_projection,left,acetylcholine,0.5373659637666931,acetylcholine,"Davis et al., 2020 (TAPIN)",fw007275,FBbt_00003874
720575940625216202,LPLC2,visual_projection,left,acetylcholine,0.4426837498683296,acetylcholine,"Davis et al., 2020 (TAPIN)",fw007295,FBbt_00111763
720575940623925774,LPLC2,visual_projection,left,acetylcholine,0.69747762380806,acetylcholine,"Davis et al., 2020 (TAPIN)",fw007379,FBbt_00111763
720575940633552685,LPLC2,visual_projection,right,acetylcholine,0.5409526605781038,acetylcholine,"Davis et al., 2020 (TAPIN)",fw007534,FBbt_00111763
720575940622939836,LC4,visual_projection,left,acetylcholine,0.6263759352816992,acetylcholine,"Davis et al., 2020 (TAPIN)",fw007591,FBbt_00003874
720575940617176321,LC4,visual_projection,left,acetylcholine,0.5131245927081787,acetylcholine,"Davis et al., 2020 (TAPIN)",fw007934,FBbt_00003874
720575940615332502,LPLC2,visual_projection,left,acetylcholine,0.5064714426894226,acetylcholine,"Davis et al., 2020 (TAPIN)",fw007982,FBbt_00111763
720575940624014524,LPLC2,visual_projection,right,acetylcholine,0.5578570290317812,acetylcholine,"Davis et al., 2020 (TAPIN)",fw008082,FBbt_00111763
720575940628518400,LC4,visual_projection,right,acetylcholine,0.6472406036380386,acetylcholine,"Davis et al., 2020 (TAPIN)",fw008245,FBbt_00003874
720575940615920453,LPLC2,visual_projection,right,acetylcholine,0.65236924517835,acetylcholine,"Davis et al., 2020 (TAPIN)",fw008364,FBbt_00111763
720575940627685765,LPLC2,visual_projection,left,acetylcholine,0.6287833739645868,acetylcholine,"Davis et al., 2020 (TAPIN)",fw008471,FBbt_00111763
720575940612498129,LC4,visual_projection,right,acetylcholine,0.5708245978004789,acetylcholine,"Davis et al., 2020 (TAPIN)",fw008822,FBbt_00003874
720575940624111763,LC4,visual_projection,left,acetylcholine,0.5792923887640562,acetylcholine,"Davis et al., 2020 (TAPIN)",fw009400,FBbt_00003874
720575940639817947,LC4,visual_projection,right,acetylcholine,0.6205130221966074,acetylcholine,"Davis et al., 2020 (TAPIN)",fw009418,FBbt_00003874
720575940625932421,LC4,visual_projection,right,acetylcholine,0.6284955002155974,acetylcholine,"Davis et al., 2020 (TAPIN)",fw009527,FBbt_00003874
720575940625038090,LC4,visual_projection,left,acetylcholine,0.5749044168548242,acetylcholine,"Davis et al., 2020 (TAPIN)",fw009680,FBbt_00003874
720575940632715234,LC4,visual_projection,right,acetylcholine,0.5853316182451903,acetylcholine,"Davis et al., 2020 (TAPIN)",fw009737,FBbt_00003874
720575940610522009,LC4,visual_projection,left,acetylcholine,0.6014026665803216,acetylcholine,"Davis et al., 2020 (TAPIN)",fw003036,FBbt_00003874
720575940616713355,LC4,visual_projection,left,acetylcholine,0.5549588249642996,acetylcholine,"Davis et al., 2020 (TAPIN)",fw011512,FBbt_00003874
720575940638835288,LPLC2,visual_projection,left,acetylcholine,0.5086694233536807,acetylcholine,"Davis et al., 2020 (TAPIN)",fw011734,FBbt_00111763
720575940629753807,LC4,visual_projection,left,acetylcholine,0.5305569620992916,acetylcholine,"Davis et al., 2020 (TAPIN)",fw012231,FBbt_00003874
720575940616116697,LPLC2,visual_projection,right,acetylcholine,0.44382511748844566,acetylcholine,"Davis et al., 2020 (TAPIN)",fw012472,FBbt_00111763
720575940629967703,LPLC2,visual_projection,right,acetylcholine,0.5365437687846908,acetylcholine,"Davis et al., 2020 (TAPIN)",fw012579,FBbt_00111763
720575940622992205,LPLC2,visual_projection,right,acetylcholine,0.5465895108824318,acetylcholine,"Davis et al., 2020 (TAPIN)",fw012589,FBbt_00111763
720575940606217138,LPLC2,visual_projection,right,acetylcholine,0.43943080868016,acetylcholine,"Davis et al., 2020 (TAPIN)",fw012649,FBbt_00111763
720575940618538641,LPLC2,visual_projection,right,acetylcholine,0.7389851061314812,acetylcholine,"Davis et al., 2020 (TAPIN)",fw012665,FBbt_00111763
720575940624919077,LPLC2,visual_projection,right,acetylcholine,0.471016270760894,acetylcholine,"Davis et al., 2020 (TAPIN)",fw012726,FBbt_00111763
720575940620306904,LPLC2,visual_projection,left,acetylcholine,0.49512990414889724,acetylcholine,"Davis et al., 2020 (TAPIN)",fw012779,FBbt_00111763
720575940640302389,LPLC2,visual_projection,left,acetylcholine,0.5459664373026804,acetylcholine,"Davis et al., 2020 (TAPIN)",fw012836,FBbt_00111763
720575940623047629,LPLC2,visual_projection,right,acetylcholine,0.4526120315949199,acetylcholine,"Davis et al., 2020 (TAPIN)",fw012839,FBbt_00111763
720575940627519107,LC4,visual_projection,left,acetylcholine,0.5762975340012252,acetylcholine,"Davis et al., 2020 (TAPIN)",fw012922,FBbt_00003874
720575940613763759,LPLC2,visual_projection,left,acetylcholine,0.680267946770827,acetylcholine,"Davis et al., 2020 (TAPIN)",fw012923,FBbt_00111763
720575940615967377,LPLC2,visual_projection,right,acetylcholine,0.5463204762726326,acetylcholine,"Davis et al., 2020 (TAPIN)",fw012925,FBbt_00111763
720575940610116757,LPLC2,visual_projection,right,acetylcholine,0.5810880050127354,acetylcholine,"Davis et al., 2020 (TAPIN)",fw012941,FBbt_00111763
720575940625001735,LPLC2,visual_projection,right,acetylcholine,0.4618588368507774,acetylcholine,"Davis et al., 2020 (TAPIN)",fw012983,FBbt_00111763
720575940612254701,LPLC2,visual_projection,right,acetylcholine,0.49550128046279224,acetylcholine,"Davis et al., 2020 (TAPIN)",fw013044,FBbt_00111763
720575940640510427,LPLC2,visual_projection,right,acetylcholine,0.6749403746184385,acetylcholine,"Davis et al., 2020 (TAPIN)",fw013094,FBbt_00111763
720575940625695269,LPLC2,visual_projection,left,acetylcholine,0.4704654816668978,acetylcholine,"Davis et al., 2020 (TAPIN)",fw013164,FBbt_00111763
720575940635572592,LPLC2,visual_projection,right,acetylcholine,0.5601421579147366,acetylcholine,"Davis et al., 2020 (TAPIN)",fw013185,FBbt_00111763
720575940633588320,LPLC2,visual_projection,right,acetylcholine,0.5524950422708941,acetylcholine,"Davis et al., 2020 (TAPIN)",fw013199,FBbt_00111763
720575940609592674,LPLC2,visual_projection,right,acetylcholine,0.6485883056109202,acetylcholine,"Davis et al., 2020 (TAPIN)",fw013273,FBbt_00111763
720575940603989420,LPLC2,visual_projection,left,acetylcholine,0.5010227895454986,acetylcholine,"Davis et al., 2020 (TAPIN)",fw013317,FBbt_00111763
720575940624016778,LPLC2,visual_projection,right,acetylcholine,0.7006800652149702,acetylcholine,"Davis et al., 2020 (TAPIN)",fw013353,FBbt_00111763
720575940626161930,LPLC2,visual_projection,right,acetylcholine,0.5205048608173561,acetylcholine,"Davis et al., 2020 (TAPIN)",fw013376,FBbt_00111763
720575940628847164,LPLC2,visual_projection,left,acetylcholine,0.5231255667328556,acetylcholine,"Davis et al., 2020 (TAPIN)",fw013379,FBbt_00111763
720575940616735489,LPLC2,visual_projection,right,acetylcholine,0.6408486643103118,acetylcholine,"Davis et al., 2020 (TAPIN)",fw013416,FBbt_00111763
720575940620001718,LPLC2,visual_projection,right,acetylcholine,0.41313577593182665,acetylcholine,"Davis et al., 2020 (TAPIN)",fw013435,FBbt_00111763
720575940628039034,LPLC2,visual_projection,right,acetylcholine,0.5353305955257275,acetylcholine,"Davis et al., 2020 (TAPIN)",fw013447,FBbt_00111763
720575940612944382,LPLC2,visual_projection,right,acetylcholine,0.47740394714216805,acetylcholine,"Davis et al., 2020 (TAPIN)",fw013476,FBbt_00111763
720575940629384271,LPLC2,visual_projection,right,acetylcholine,0.5331766470330179,acetylcholine,"Davis et al., 2020 (TAPIN)",fw013487,FBbt_00111763
720575940615953302,LPLC2,visual_projection,left,acetylcholine,0.5264472508217349,acetylcholine,"Davis et al., 2020 (TAPIN)",fw013507,FBbt_00111763
720575940616166685,LPLC2,visual_projection,right,acetylcholine,0.44320417890877895,acetylcholine,"Davis et al., 2020 (TAPIN)",fw013508,FBbt_00111763
720575940627902078,LPLC2,visual_projection,left,acetylcholine,0.5650237317408127,acetylcholine,"Davis et al., 2020 (TAPIN)",fw013525,FBbt_00111763
720575940606855554,LPLC2,visual_projection,right,acetylcholine,0.4325623251464158,acetylcholine,"Davis et al., 2020 (TAPIN)",fw013551,FBbt_00111763
720575940632512226,LPLC2,visual_projection,right,acetylcholine,0.5263284597760538,acetylcholine,"Davis et al., 2020 (TAPIN)",fw013555,FBbt_00111763
720575940624611002,LPLC2,visual_projection,right,acetylcholine,0.4338768933007579,acetylcholine,"Davis et al., 2020 (TAPIN)",fw013560,FBbt_00111763
720575940612560680,LPLC2,visual_projection,left,acetylcholine,0.47604961807789775,acetylcholine,"Davis et al., 2020 (TAPIN)",fw013578,FBbt_00111763
720575940642414837,LPLC2,visual_projection,left,acetylcholine,0.4400819509006151,acetylcholine,"Davis et al., 2020 (TAPIN)",fw013579,FBbt_00111763
720575940622680088,LPLC2,visual_projection,left,acetylcholine,0.5158924559121382,acetylcholine,"Davis et al., 2020 (TAPIN)",fw013584,FBbt_00111763
720575940620783180,LPLC2,visual_projection,right,acetylcholine,0.5040277655566495,acetylcholine,"Davis et al., 2020 (TAPIN)",fw013591,FBbt_00111763
720575940622769159,LPLC2,visual_projection,right,acetylcholine,0.5118464248910134,acetylcholine,"Davis et al., 2020 (TAPIN)",fw013608,FBbt_00111763
720575940623551684,LPLC2,visual_projection,left,acetylcholine,0.5307262783174476,acetylcholine,"Davis et al., 2020 (TAPIN)",fw013617,FBbt_00111763
720575940626236041,LPLC2,visual_projection,left,acetylcholine,0.49464964264440187,acetylcholine,"Davis et al., 2020 (TAPIN)",fw013669,FBbt_00111763
720575940614067167,LPLC2,visual_projection,right,acetylcholine,0.48329386910389227,acetylcholine,"Davis et al., 2020 (TAPIN)",fw013688,FBbt_00111763
720575940647358243,LPLC2,visual_projection,right,acetylcholine,0.5008300822308037,acetylcholine,"Davis et al., 2020 (TAPIN)",fw013690,FBbt_00111763
720575940618927892,LPLC2,visual_projection,left,acetylcholine,0.4830532193402729,acetylcholine,"Davis et al., 2020 (TAPIN)",fw013703,FBbt_00111763
720575940614526974,LPLC2,visual_projection,right,acetylcholine,0.5368038994184088,acetylcholine,"Davis et al., 2020 (TAPIN)",fw013706,FBbt_00111763
720575940648418425,LPLC2,visual_projection,left,acetylcholine,0.47835987567623384,acetylcholine,"Davis et al., 2020 (TAPIN)",fw013736,FBbt_00111763
720575940645699124,LPLC2,visual_projection,right,acetylcholine,0.5800833222772973,acetylcholine,"Davis et al., 2020 (TAPIN)",fw013738,FBbt_00111763
720575940613821290,LPLC2,visual_projection,right,acetylcholine,0.6105337796076121,acetylcholine,"Davis et al., 2020 (TAPIN)",fw013744,FBbt_00111763
720575940619197318,LPLC2,visual_projection,left,acetylcholine,0.5168247435855663,acetylcholine,"Davis et al., 2020 (TAPIN)",fw013747,FBbt_00111763
720575940624931530,LPLC2,visual_projection,right,acetylcholine,0.7680529022071687,acetylcholine,"Davis et al., 2020 (TAPIN)",fw013808,FBbt_00111763
720575940612766691,LPLC2,visual_projection,left,acetylcholine,0.4971388883756419,acetylcholine,"Davis et al., 2020 (TAPIN)",fw013819,FBbt_00111763
720575940631397549,LPLC2,visual_projection,right,acetylcholine,0.5363312944056551,acetylcholine,"Davis et al., 2020 (TAPIN)",fw013825,FBbt_00111763
720575940645407268,LPLC2,visual_projection,left,acetylcholine,0.6445058979469402,acetylcholine,"Davis et al., 2020 (TAPIN)",fw013839,FBbt_00111763
720575940645180196,LPLC2,visual_projection,right,acetylcholine,0.5740985676843625,acetylcholine,"Davis et al., 2020 (TAPIN)",fw013867,FBbt_00111763
720575940643740964,LPLC2,visual_projection,left,acetylcholine,0.46664717803548683,acetylcholine,"Davis et al., 2020 (TAPIN)",fw013921,FBbt_00111763
720575940636295019,LPLC2,visual_projection,left,acetylcholine,0.5050762286491152,acetylcholine,"Davis et al., 2020 (TAPIN)",fw013923,FBbt_00111763
720575940615116731,LPLC2,visual_projection,right,acetylcholine,0.5223019488734968,acetylcholine,"Davis et al., 2020 (TAPIN)",fw013928,FBbt_00111763
720575940614738444,LPLC2,visual_projection,left,acetylcholine,0.4660020067500226,acetylcholine,"Davis et al., 2020 (TAPIN)",fw013946,FBbt_00111763
720575940628552247,LPLC2,visual_projection,left,acetylcholine,0.7398671871282765,acetylcholine,"Davis et al., 2020 (TAPIN)",fw013961,FBbt_00111763
720575940624208824,LPLC2,visual_projection,left,acetylcholine,0.5092137626217408,acetylcholine,"Davis et al., 2020 (TAPIN)",fw013990,FBbt_00111763
720575940626617084,LPLC2,visual_projection,left,acetylcholine,0.5816995258668689,acetylcholine,"Davis et al., 2020 (TAPIN)",fw013992,FBbt_00111763
720575940622531767,LC4,visual_projection,left,acetylcholine,0.506449201960657,acetylcholine,"Davis et al., 2020 (TAPIN)",fw013996,FBbt_00003874
720575940630650936,LPLC2,visual_projection,right,acetylcholine,0.550856783520056,acetylcholine,"Davis et al., 2020 (TAPIN)",fw013999,FBbt_00111763
720575940635234478,LPLC2,visual_projection,left,acetylcholine,0.45459109973668244,acetylcholine,"Davis et al., 2020 (TAPIN)",fw014001,FBbt_00111763
720575940616008854,LPLC2,visual_projection,left,acetylcholine,0.5810364410091179,acetylcholine,"Davis et al., 2020 (TAPIN)",fw014004,FBbt_00111763
720575940610953651,LPLC2,visual_projection,right,acetylcholine,0.4315915756991642,acetylcholine,"Davis et al., 2020 (TAPIN)",fw014018,FBbt_00111763
720575940613219474,LPLC2,visual_projection,left,acetylcholine,0.6180392550905971,acetylcholine,"Davis et al., 2020 (TAPIN)",fw014020,FBbt_00111763
720575940611740569,LPLC2,visual_projection,right,acetylcholine,0.4561959927111048,acetylcholine,"Davis et al., 2020 (TAPIN)",fw014030,FBbt_00111763
720575940653742753,LPLC2,visual_projection,right,acetylcholine,0.43261494056968297,acetylcholine,"Davis et al., 2020 (TAPIN)",fw014072,FBbt_00111763
720575940615288203,LPLC2,visual_projection,right,acetylcholine,0.4520987042969873,acetylcholine,"Davis et al., 2020 (TAPIN)",fw014078,FBbt_00111763
720575940637958709,LPLC2,visual_projection,right,acetylcholine,0.6084194985742803,acetylcholine,"Davis et al., 2020 (TAPIN)",fw014158,FBbt_00111763
720575940629368015,LPLC2,visual_projection,left,acetylcholine,0.7077065497281432,acetylcholine,"Davis et al., 2020 (TAPIN)",fw014159,FBbt_00111763
720575940622425271,LPLC2,visual_projection,left,acetylcholine,0.5411401969695901,acetylcholine,"Davis et al., 2020 (TAPIN)",fw014166,FBbt_00111763
720575940638456227,LC4,visual_projection,left,acetylcholine,0.5585483468093978,acetylcholine,"Davis et al., 2020 (TAPIN)",fw014240,FBbt_00003874
720575940636957006,LC4,visual_projection,right,acetylcholine,0.670872992740332,acetylcholine,"Davis et al., 2020 (TAPIN)",fw014273,FBbt_00003874
720575940638857048,LPLC2,visual_projection,right,acetylcholine,0.5467749694413954,acetylcholine,"Davis et al., 2020 (TAPIN)",fw014288,FBbt_00111763
720575940629292785,LPLC2,visual_projection,left,acetylcholine,0.49293472074841604,acetylcholine,"Davis et al., 2020 (TAPIN)",fw014291,FBbt_00111763
720575940628990214,LPLC2,visual_projection,right,acetylcholine,0.47681190009057883,acetylcholine,"Davis et al., 2020 (TAPIN)",fw014293,FBbt_00111763
720575940655750305,LPLC2,visual_projection,left,acetylcholine,0.5369297500505582,acetylcholine,"Davis et al., 2020 (TAPIN)",fw014299,FBbt_00111763
720575940628395797,LPLC2,visual_projection,left,acetylcholine,0.4749443738530429,acetylcholine,"Davis et al., 2020 (TAPIN)",fw014315,FBbt_00111763
720575940625700739,LPLC2,visual_projection,left,acetylcholine,0.4031718785018107,acetylcholine,"Davis et al., 2020 (TAPIN)",fw014326,FBbt_00111763
720575940637088602,LPLC2,visual_projection,right,acetylcholine,0.4093312403279873,acetylcholine,"Davis et al., 2020 (TAPIN)",fw014346,FBbt_00111763
720575940625697772,LPLC2,visual_projection,left,acetylcholine,0.5187177013133452,acetylcholine,"Davis et al., 2020 (TAPIN)",fw014349,FBbt_00111763
720575940607854531,LPLC2,visual_projection,left,acetylcholine,0.6338505875109599,acetylcholine,"Davis et al., 2020 (TAPIN)",fw014376,FBbt_00111763
720575940635004271,LPLC2,visual_projection,left,acetylcholine,0.4501673746202267,acetylcholine,"Davis et al., 2020 (TAPIN)",fw014395,FBbt_00111763
720575940622174463,LPLC2,visual_projection,right,acetylcholine,0.6512576681764303,acetylcholine,"Davis et al., 2020 (TAPIN)",fw014414,FBbt_00111763
720575940636529520,LPLC2,visual_projection,left,acetylcholine,0.5471926086368878,acetylcholine,"Davis et al., 2020 (TAPIN)",fw014422,FBbt_00111763
720575940622330582,LC4,visual_projection,right,acetylcholine,0.6116132203512162,acetylcholine,"Davis et al., 2020 (TAPIN)",fw014429,FBbt_00003874
720575940618450496,LPLC2,visual_projection,right,acetylcholine,0.4713765858439908,acetylcholine,"Davis et al., 2020 (TAPIN)",fw014453,FBbt_00111763
720575940620903551,LC4,visual_projection,left,acetylcholine,0.5467347223190137,acetylcholine,"Davis et al., 2020 (TAPIN)",fw014459,FBbt_00003874
720575940661316993,LPLC2,visual_projection,right,acetylcholine,0.497957329210531,acetylcholine,"Davis et al., 2020 (TAPIN)",fw014467,FBbt_00111763
720575940618266459,LC4,visual_projection,right,acetylcholine,0.6328988598690284,acetylcholine,"Davis et al., 2020 (TAPIN)",fw014480,FBbt_00003874
720575940627553923,LPLC2,visual_projection,right,acetylcholine,0.5533644007433857,acetylcholine,"Davis et al., 2020 (TAPIN)",fw014506,FBbt_00111763
720575940628778058,LPLC2,visual_projection,right,acetylcholine,0.6112701845272801,acetylcholine,"Davis et al., 2020 (TAPIN)",fw014530,FBbt_00111763
720575940618608177,LPLC2,visual_projection,left,acetylcholine,0.524622624687752,acetylcholine,"Davis et al., 2020 (TAPIN)",fw014550,FBbt_00111763
720575940636878682,LPLC2,visual_projection,right,acetylcholine,0.47541096194632726,acetylcholine,"Davis et al., 2020 (TAPIN)",fw014558,FBbt_00111763
720575940613470947,LPLC2,visual_projection,left,acetylcholine,0.581335499264857,acetylcholine,"Davis et al., 2020 (TAPIN)",fw014584,FBbt_00111763
720575940624755504,LPLC2,visual_projection,left,acetylcholine,0.4978480609296706,acetylcholine,"Davis et al., 2020 (TAPIN)",fw014618,FBbt_00111763
720575940634700980,LPLC2,visual_projection,left,acetylcholine,0.5307935389715817,acetylcholine,"Davis et al., 2020 (TAPIN)",fw014646,FBbt_00111763
720575940622009284,LPLC2,visual_projection,left,acetylcholine,0.7307949983026327,acetylcholine,"Davis et al., 2020 (TAPIN)",fw014647,FBbt_00111763
720575940612874536,LPLC2,visual_projection,left,acetylcholine,0.5077528975408943,acetylcholine,"Davis et al., 2020 (TAPIN)",fw014661,FBbt_00111763
720575940617026260,LC4,visual_projection,left,acetylcholine,0.5056471510028838,acetylcholine,"Davis et al., 2020 (TAPIN)",fw014671,FBbt_00003874
720575940639878352,LPLC2,visual_projection,left,acetylcholine,0.5341141885047005,acetylcholine,"Davis et al., 2020 (TAPIN)",fw014677,FBbt_00111763
720575940631582751,LPLC2,visual_projection,right,acetylcholine,0.44267128644631887,acetylcholine,"Davis et al., 2020 (TAPIN)",fw014699,FBbt_00111763
720575940619981494,LPLC2,visual_projection,left,acetylcholine,0.46818094122145926,acetylcholine,"Davis et al., 2020 (TAPIN)",fw014725,FBbt_00111763
720575940630831185,LPLC2,visual_projection,left,acetylcholine,0.5884943836620586,acetylcholine,"Davis et al., 2020 (TAPIN)",fw014728,FBbt_00111763
720575940614631079,LPLC2,visual_projection,left,acetylcholine,0.5938063789120787,acetylcholine,"Davis et al., 2020 (TAPIN)",fw014733,FBbt_00111763
720575940615907723,LPLC2,visual_projection,left,acetylcholine,0.5631867823415062,acetylcholine,"Davis et al., 2020 (TAPIN)",fw014736,FBbt_00111763
720575940639895003,LPLC2,visual_projection,left,acetylcholine,0.4700504018556061,acetylcholine,"Davis et al., 2020 (TAPIN)",fw014738,FBbt_00111763
720575940624244922,LPLC2,visual_projection,right,acetylcholine,0.5162912729780454,acetylcholine,"Davis et al., 2020 (TAPIN)",fw014824,FBbt_00111763
720575940626873000,LPLC2,visual_projection,right,acetylcholine,0.49182450872283157,acetylcholine,"Davis et al., 2020 (TAPIN)",fw014831,FBbt_00111763
720575940614373279,LPLC2,visual_projection,right,acetylcholine,0.4644395893971022,acetylcholine,"Davis et al., 2020 (TAPIN)",fw014836,FBbt_00111763
720575940632080146,LPLC2,visual_projection,left,acetylcholine,0.5194833172011847,acetylcholine,"Davis et al., 2020 (TAPIN)",fw014843,FBbt_00111763
720575940630209603,LPLC2,visual_projection,left,acetylcholine,0.5008110883274783,acetylcholine,"Davis et al., 2020 (TAPIN)",fw014937,FBbt_00111763
720575940618307046,LPLC2,visual_projection,right,acetylcholine,0.5827500640162637,acetylcholine,"Davis et al., 2020 (TAPIN)",fw014958,FBbt_00111763
720575940618711535,LPLC2,visual_projection,right,acetylcholine,0.5909358702642747,acetylcholine,"Davis et al., 2020 (TAPIN)",fw014973,FBbt_00111763
720575940632779932,LPLC2,visual_projection,left,acetylcholine,0.732519607923403,acetylcholine,"Davis et al., 2020 (TAPIN)",fw014986,FBbt_00111763
720575940611821334,LPLC2,visual_projection,left,acetylcholine,0.5273137120948089,acetylcholine,"Davis et al., 2020 (TAPIN)",fw014988,FBbt_00111763
720575940653666465,LPLC2,visual_projection,left,acetylcholine,0.47602616561078465,acetylcholine,"Davis et al., 2020 (TAPIN)",fw015045,FBbt_00111763
720575940626384200,LPLC2,visual_projection,left,acetylcholine,0.682919547522043,acetylcholine,"Davis et al., 2020 (TAPIN)",fw015070,FBbt_00111763
720575940632711052,LPLC2,visual_projection,right,acetylcholine,0.6187659610522219,acetylcholine,"Davis et al., 2020 (TAPIN)",fw015087,FBbt_00111763
720575940628603842,LPLC2,visual_projection,right,acetylcholine,0.5961297257399271,acetylcholine,"Davis et al., 2020 (TAPIN)",fw015160,FBbt_00111763
720575940632777124,LPLC2,visual_projection,left,acetylcholine,0.5135672194172938,acetylcholine,"Davis et al., 2020 (TAPIN)",fw015169,FBbt_00111763
720575940624903064,LPLC2,visual_projection,right,acetylcholine,0.4353855447183026,acetylcholine,"Davis et al., 2020 (TAPIN)",fw015201,FBbt_00111763
720575940611567638,LPLC2,visual_projection,left,acetylcholine,0.5552414530425034,acetylcholine,"Davis et al., 2020 (TAPIN)",fw015223,FBbt_00111763
720575940617997241,LPLC2,visual_projection,left,acetylcholine,0.38769666207603504,acetylcholine,"Davis et al., 2020 (TAPIN)",fw015257,FBbt_00111763
720575940616377817,LPLC2,visual_projection,left,acetylcholine,0.5143869346302211,acetylcholine,"Davis et al., 2020 (TAPIN)",fw015272,FBbt_00111763
720575940615127227,LC4,visual_projection,left,acetylcholine,0.6014447646261821,acetylcholine,"Davis et al., 2020 (TAPIN)",fw015288,FBbt_00003874
720575940607845250,LPLC2,visual_projection,left,acetylcholine,0.4761892132312008,acetylcholine,"Davis et al., 2020 (TAPIN)",fw015348,FBbt_00111763
720575940637702222,LPLC2,visual_projection,right,acetylcholine,0.6292440074914505,acetylcholine,"Davis et al., 2020 (TAPIN)",fw015372,FBbt_00111763
720575940612096462,LPLC2,visual_projection,left,acetylcholine,0.5952841948959031,acetylcholine,"Davis et al., 2020 (TAPIN)",fw015385,FBbt_00111763
720575940607683011,LPLC2,visual_projection,right,acetylcholine,0.5592305102092079,acetylcholine,"Davis et al., 2020 (TAPIN)",fw015428,FBbt_00111763
720575940612994929,LPLC2,visual_projection,right,acetylcholine,0.5939006553040521,acetylcholine,"Davis et al., 2020 (TAPIN)",fw015439,FBbt_00111763
720575940619654149,LPLC2,visual_projection,right,acetylcholine,0.4891052015691802,acetylcholine,"Davis et al., 2020 (TAPIN)",fw015449,FBbt_00111763
720575940631095158,LPLC2,visual_projection,right,acetylcholine,0.528302887968773,acetylcholine,"Davis et al., 2020 (TAPIN)",fw015455,FBbt_00111763
720575940619627934,LPLC2,visual_projection,right,acetylcholine,0.4876691468708167,acetylcholine,"Davis et al., 2020 (TAPIN)",fw015458,FBbt_00111763
720575940608875531,LPLC2,visual_projection,left,acetylcholine,0.602953876031213,acetylcholine,"Davis et al., 2020 (TAPIN)",fw015466,FBbt_00111763
720575940642397128,LPLC2,visual_projection,right,acetylcholine,0.7641171061713204,acetylcholine,"Davis et al., 2020 (TAPIN)",fw015476,FBbt_00111763
720575940634146967,LPLC2,visual_projection,right,acetylcholine,0.4363090421499559,acetylcholine,"Davis et al., 2020 (TAPIN)",fw015492,FBbt_00111763
720575940645328436,LPLC2,visual_projection,left,acetylcholine,0.42732532647280014,acetylcholine,"Davis et al., 2020 (TAPIN)",fw015503,FBbt_00111763
720575940631312428,LPLC2,visual_projection,right,acetylcholine,0.5735147048669983,acetylcholine,"Davis et al., 2020 (TAPIN)",fw015519,FBbt_00111763
720575940605598892,LC4,visual_projection,left,acetylcholine,0.541191619409766,acetylcholine,"Davis et al., 2020 (TAPIN)",fw015565,FBbt_00003874
720575940624417584,LPLC2,visual_projection,left,acetylcholine,0.47996023150185596,acetylcholine,"Davis et al., 2020 (TAPIN)",fw015620,FBbt_00111763
720575940617294219,LPLC2,visual_projection,left,acetylcholine,0.5420470477571292,acetylcholine,"Davis et al., 2020 (TAPIN)",fw015632,FBbt_00111763
720575940636539102,LPLC2,visual_projection,right,acetylcholine,0.5046871830913112,acetylcholine,"Davis et al., 2020 (TAPIN)",fw015634,FBbt_00111763
720575940620314221,LC4,visual_projection,right,acetylcholine,0.47864517713794236,acetylcholine,"Davis et al., 2020 (TAPIN)",fw015658,FBbt_00003874
720575940621522458,LC4,visual_projection,right,acetylcholine,0.6142518036569962,acetylcholine,"Davis et al., 2020 (TAPIN)",fw015673,FBbt_00003874
720575940617289782,LPLC2,visual_projection,left,acetylcholine,0.5408849248650907,acetylcholine,"Davis et al., 2020 (TAPIN)",fw015703,FBbt_00111763
720575940615055989,LPLC2,visual_projection,left,acetylcholine,0.49465730288582727,acetylcholine,"Davis et al., 2020 (TAPIN)",fw015705,FBbt_00111763
720575940636950505,LPLC2,visual_projection,right,acetylcholine,0.45206901119808807,acetylcholine,"Davis et al., 2020 (TAPIN)",fw015758,FBbt_00111763
720575940638922624,LPLC2,visual_projection,right,acetylcholine,0.45922211583995076,acetylcholine,"Davis et al., 2020 (TAPIN)",fw004774,FBbt_00111763
720575940612093351,LC4,visual_projection,right,acetylcholine,0.6966614137516078,acetylcholine,"Davis et al., 2020 (TAPIN)",fw015847,FBbt_00003874
720575940624359093,LPLC2,visual_projection,left,acetylcholine,0.43587164653945015,acetylcholine,"Davis et al., 2020 (TAPIN)",fw015901,FBbt_00111763
720575940628197892,LPLC2,visual_projection,right,acetylcholine,0.4578740873881228,acetylcholine,"Davis et al., 2020 (TAPIN)",fw015925,FBbt_00111763
720575940612580977,LC4,visual_projection,left,acetylcholine,0.5394241131951015,acetylcholine,"Davis et al., 2020 (TAPIN)",fw016046,FBbt_00003874
720575940618234704,LC4,visual_projection,right,acetylcholine,0.6116270482683244,acetylcholine,"Davis et al., 2020 (TAPIN)",fw016082,FBbt_00003874
720575940631742405,LPLC2,visual_projection,right,acetylcholine,0.588420000431836,acetylcholine,"Davis et al., 2020 (TAPIN)",fw016138,FBbt_00111763
720575940624856762,LC4,visual_projection,right,acetylcholine,0.6500028351365872,acetylcholine,"Davis et al., 2020 (TAPIN)",fw016252,FBbt_00003874
720575940617480094,LPLC2,visual_projection,left,acetylcholine,0.6601412784657333,acetylcholine,"Davis et al., 2020 (TAPIN)",fw016271,FBbt_00111763
720575940627902979,LPLC2,visual_projection,right,acetylcholine,0.4925465766316294,acetylcholine,"Davis et al., 2020 (TAPIN)",fw016297,FBbt_00111763
720575940621634913,LPLC2,visual_projection,right,acetylcholine,0.5671833556959747,acetylcholine,"Davis et al., 2020 (TAPIN)",fw016301,FBbt_00111763
720575940610536290,LPLC2,visual_projection,right,acetylcholine,0.5870202835366458,acetylcholine,"Davis et al., 2020 (TAPIN)",fw016310,FBbt_00111763
720575940628599895,LC4,visual_projection,right,acetylcholine,0.5766362143419905,acetylcholine,"Davis et al., 2020 (TAPIN)",fw016357,FBbt_00003874
720575940647369507,LPLC2,visual_projection,left,acetylcholine,0.4522785470548874,acetylcholine,"Davis et al., 2020 (TAPIN)",fw016394,FBbt_00111763
720575940628849668,LPLC2,visual_projection,right,acetylcholine,0.49831495345685256,acetylcholine,"Davis et al., 2020 (TAPIN)",fw016432,FBbt_00111763
720575940623769783,LPLC2,visual_projection,right,acetylcholine,0.6206227345879906,acetylcholine,"Davis et al., 2020 (TAPIN)",fw016502,FBbt_00111763
720575940614582946,LC4,visual_projection,right,acetylcholine,0.6691109543646591,acetylcholine,"Davis et al., 2020 (TAPIN)",fw016528,FBbt_00003874
720575940612323025,LC4,visual_projection,right,acetylcholine,0.6146961885617777,acetylcholine,"Davis et al., 2020 (TAPIN)",fw016621,FBbt_00003874
720575940630731847,LPLC2,visual_projection,left,acetylcholine,0.7928751958544853,acetylcholine,"Davis et al., 2020 (TAPIN)",fw016624,FBbt_00111763
720575940620139678,LPLC2,visual_projection,left,acetylcholine,0.7663272539285376,acetylcholine,"Davis et al., 2020 (TAPIN)",fw016689,FBbt_00111763
720575940628699560,LC4,visual_projection,left,acetylcholine,0.5562240272872647,acetylcholine,"Davis et al., 2020 (TAPIN)",fw016738,FBbt_00003874
720575940625477721,LPLC2,visual_projection,left,acetylcholine,0.5516676259465857,acetylcholine,"Davis et al., 2020 (TAPIN)",fw016766,FBbt_00111763
720575940630719831,LPLC2,visual_projection,right,acetylcholine,0.728353448261154,acetylcholine,"Davis et al., 2020 (TAPIN)",fw016768,FBbt_00111763
720575940628454522,LC4,visual_projection,left,acetylcholine,0.5936377829701406,acetylcholine,"Davis et al., 2020 (TAPIN)",fw016890,FBbt_00003874
720575940627368254,LPLC2,visual_projection,left,acetylcholine,0.42514848758904544,acetylcholine,"Davis et al., 2020 (TAPIN)",fw016964,FBbt_00111763
720575940626553596,LC4,visual_projection,right,acetylcholine,0.6101868570055267,acetylcholine,"Davis et al., 2020 (TAPIN)",fw016967,FBbt_00003874
720575940610681829,LPLC2,visual_projection,right,acetylcholine,0.6650135034428236,acetylcholine,"Davis et al., 2020 (TAPIN)",fw017002,FBbt_00111763
720575940626375172,LPLC2,visual_projection,left,acetylcholine,0.5100308062797413,acetylcholine,"Davis et al., 2020 (TAPIN)",fw017063,FBbt_00111763
720575940625934973,LC4,visual_projection,left,acetylcholine,0.5382800336561002,acetylcholine,"Davis et al., 2020 (TAPIN)",fw017191,FBbt_00003874
720575940639177449,LPLC2,visual_projection,right,acetylcholine,0.6844721661582648,acetylcholine,"Davis et al., 2020 (TAPIN)",fw017293,FBbt_00111763
720575940622312072,LPLC2,visual_projection,left,acetylcholine,0.5536611688484111,acetylcholine,"Davis et al., 2020 (TAPIN)",fw017425,FBbt_00111763
720575940632475449,LC4,visual_projection,right,acetylcholine,0.6824870505121483,acetylcholine,"Davis et al., 2020 (TAPIN)",fw017442,FBbt_00003874
720575940641213824,LC4,visual_projection,right,acetylcholine,0.6436635435549436,acetylcholine,"Davis et al., 2020 (TAPIN)",fw017444,FBbt_00003874
720575940613260959,LC4,visual_projection,left,acetylcholine,0.656003414128343,acetylcholine,"Davis et al., 2020 (TAPIN)",fw017453,FBbt_00003874
720575940628921303,LPLC2,visual_projection,left,acetylcholine,0.5143002307656895,acetylcholine,"Davis et al., 2020 (TAPIN)",fw017460,FBbt_00111763
720575940628606713,LC4,visual_projection,right,acetylcholine,0.5968646831448027,acetylcholine,"Davis et al., 2020 (TAPIN)",fw017585,FBbt_00003874
720575940620887834,LPLC2,visual_projection,right,acetylcholine,0.41962600963768637,acetylcholine,"Davis et al., 2020 (TAPIN)",fw017605,FBbt_00111763
720575940606126438,LPLC2,visual_projection,left,acetylcholine,0.638731342365785,acetylcholine,"Davis et al., 2020 (TAPIN)",fw017689,FBbt_00111763
720575940625845447,LC4,visual_projection,right,acetylcholine,0.6071134880613442,acetylcholine,"Davis et al., 2020 (TAPIN)",fw017949,FBbt_00003874
720575940625906702,LC4,visual_projection,right,acetylcholine,0.6203882423531925,acetylcholine,"Davis et al., 2020 (TAPIN)",fw017951,FBbt_00003874
720575940623333770,LPLC2,visual_projection,right,acetylcholine,0.5444366596713771,acetylcholine,"Davis et al., 2020 (TAPIN)",fw018090,FBbt_00111763
720575940620795728,LC4,visual_projection,left,acetylcholine,0.6169415525969965,acetylcholine,"Davis et al., 2020 (TAPIN)",fw018154,FBbt_00003874
720575940613638041,LC4,visual_projection,right,acetylcholine,0.6072068060405593,acetylcholine,"Davis et al., 2020 (TAPIN)",fw018159,FBbt_00003874
720575940614914107,LC4,visual_projection,left,acetylcholine,0.5909182510118784,acetylcholine,"Davis et al., 2020 (TAPIN)",fw018251,FBbt_00003874
720575940620731380,LC4,visual_projection,right,acetylcholine,0.4638199069048779,acetylcholine,"Davis et al., 2020 (TAPIN)",fw018339,FBbt_00003874
720575940638496720,LC4,visual_projection,left,acetylcholine,0.6227959599756708,acetylcholine,"Davis et al., 2020 (TAPIN)",fw018401,FBbt_00003874
720575940623827348,LPLC2,visual_projection,left,acetylcholine,0.47260460844708724,acetylcholine,"Davis et al., 2020 (TAPIN)",fw018418,FBbt_00111763
720575940631338271,LC4,visual_projection,left,acetylcholine,0.5593393128973626,acetylcholine,"Davis et al., 2020 (TAPIN)",fw018449,FBbt_00003874
720575940617348379,LC4,visual_projection,right,acetylcholine,0.6434318170381085,acetylcholine,"Davis et al., 2020 (TAPIN)",fw018542,FBbt_00003874
720575940611352234,LPLC2,visual_projection,right,acetylcholine,0.61428916039134,acetylcholine,"Davis et al., 2020 (TAPIN)",fw018607,FBbt_00111763
720575940613609484,LC4,visual_projection,right,acetylcholine,0.5494665663565431,acetylcholine,"Davis et al., 2020 (TAPIN)",fw018744,FBbt_00003874
720575940652611745,LC4,visual_projection,right,acetylcholine,0.6646858635042873,acetylcholine,"Davis et al., 2020 (TAPIN)",fw018787,FBbt_00003874
720575940616083345,LPLC2,visual_projection,left,acetylcholine,0.6184414709307385,acetylcholine,"Davis et al., 2020 (TAPIN)",fw018807,FBbt_00111763
720575940633218863,LC4,visual_projection,right,acetylcholine,0.5827212716844562,acetylcholine,"Davis et al., 2020 (TAPIN)",fw018820,FBbt_00003874
720575940615575007,LC4,visual_projection,left,acetylcholine,0.620446039336602,acetylcholine,"Davis et al., 2020 (TAPIN)",fw018964,FBbt_00003874
720575940630154660,LC4,visual_projection,right,acetylcholine,0.634789856385066,acetylcholine,"Davis et al., 2020 (TAPIN)",fw019113,FBbt_00003874
720575940618709158,LC4,visual_projection,right,acetylcholine,0.5830481425877776,acetylcholine,"Davis et al., 2020 (TAPIN)",fw019214,FBbt_00003874
720575940625991043,LC4,visual_projection,left,acetylcholine,0.5881437167545813,acetylcholine,"Davis et al., 2020 (TAPIN)",fw019639,FBbt_00003874
720575940626626895,LC4,visual_projection,left,acetylcholine,0.5479296438571722,acetylcholine,"Davis et al., 2020 (TAPIN)",fw020214,FBbt_00003874
720575940628891863,LC4,visual_projection,right,acetylcholine,0.5508334659416535,acetylcholine,"Davis et al., 2020 (TAPIN)",fw020396,FBbt_00003874
720575940624790781,LC4,visual_projection,right,acetylcholine,0.6624543681378827,acetylcholine,"Davis et al., 2020 (TAPIN)",fw020533,FBbt_00003874
720575940615053580,LC4,visual_projection,left,acetylcholine,0.5296869018066843,acetylcholine,"Davis et al., 2020 (TAPIN)",fw020562,FBbt_00003874
720575940621753579,LC4,visual_projection,right,acetylcholine,0.6181143699734393,acetylcholine,"Davis et al., 2020 (TAPIN)",fw020596,FBbt_00003874
720575940628081541,LC4,visual_projection,left,acetylcholine,0.5961615779921929,acetylcholine,"Davis et al., 2020 (TAPIN)",fw020718,FBbt_00003874
720575940614572742,LC4,visual_projection,left,acetylcholine,0.5599702293836716,acetylcholine,"Davis et al., 2020 (TAPIN)",fw020738,FBbt_00003874
720575940622108001,LC4,visual_projection,left,acetylcholine,0.5970081416313718,acetylcholine,"Davis et al., 2020 (TAPIN)",fw021106,FBbt_00003874
720575940629964591,LC4,visual_projection,right,acetylcholine,0.6137226690685323,acetylcholine,"Davis et al., 2020 (TAPIN)",fw021181,FBbt_00003874
720575940645821316,LC4,visual_projection,right,acetylcholine,0.6723702629804618,acetylcholine,"Davis et al., 2020 (TAPIN)",fw021186,FBbt_00003874
720575940640612480,LC4,visual_projection,left,acetylcholine,0.6831420706401865,acetylcholine,"Davis et al., 2020 (TAPIN)",fw021247,FBbt_00003874
720575940628462340,LC4,visual_projection,left,acetylcholine,0.5766449059662723,acetylcholine,"Davis et al., 2020 (TAPIN)",fw021435,FBbt_00003874
720575940618267227,LC4,visual_projection,right,acetylcholine,0.5768035743385873,acetylcholine,"Davis et al., 2020 (TAPIN)",fw021629,FBbt_00003874
720575940619397542,LC4,visual_projection,left,acetylcholine,0.579549086157529,acetylcholine,"Davis et al., 2020 (TAPIN)",fw021966,FBbt_00003874
720575940603637438,LC4,visual_projection,right,acetylcholine,0.673364411833264,acetylcholine,"Davis et al., 2020 (TAPIN)",fw021979,FBbt_00003874
720575940625841351,LC4,visual_projection,right,acetylcholine,0.6698268642076451,acetylcholine,"Davis et al., 2020 (TAPIN)",fw022591,FBbt_00003874
720575940618234715,LC4,visual_projection,right,acetylcholine,0.6321254577805517,acetylcholine,"Davis et al., 2020 (TAPIN)",fw023128,FBbt_00003874
720575940612380723,LC4,visual_projection,right,acetylcholine,0.6239781812810907,acetylcholine,"Davis et al., 2020 (TAPIN)",fw023143,FBbt_00003874
720575940620314612,LC4,visual_projection,right,acetylcholine,0.5271705746295182,acetylcholine,"Davis et al., 2020 (TAPIN)",fw023309,FBbt_00003874
720575940618807105,LC4,visual_projection,left,acetylcholine,0.5386059660476914,acetylcholine,"Davis et al., 2020 (TAPIN)",fw023566,FBbt_00003874
720575940635835967,LC4,visual_projection,right,acetylcholine,0.6580199964196337,acetylcholine,"Davis et al., 2020 (TAPIN)",fw003188,FBbt_00003874
720575940618275520,LC4,visual_projection,right,acetylcholine,0.5636071077864484,acetylcholine,"Davis et al., 2020 (TAPIN)",fw024326,FBbt_00003874
720575940612968421,LC4,visual_projection,right,acetylcholine,0.6102739881561219,acetylcholine,"Davis et al., 2020 (TAPIN)",fw025523,FBbt_00003874
720575940632499757,DNp01,descending,right,glutamate,0.26569821946215116,,,fw036980,"FBbt_00047634, FBbt_00004020"
720575940622838154,DNp01,descending,left,acetylcholine,0.3171494291445193,,,fw036981,"FBbt_00047634, FBbt_00004020"
720575940619750822,LPLC2,visual_projection,left,acetylcholine,0.5044125332248924,acetylcholine,"Davis et al., 2020 (TAPIN)",fw038152,FBbt_00111763
720575940608088259,LPLC2,visual_projection,left,acetylcholine,0.6855157783898624,acetylcholine,"Davis et al., 2020 (TAPIN)",fw038153,FBbt_00111763
720575940619900993,LPLC2,visual_projection,left,acetylcholine,0.4779815685179615,acetylcholine,"Davis et al., 2020 (TAPIN)",fw038670,FBbt_00111763
720575940628976956,LPLC2,visual_projection,left,acetylcholine,0.5352568888919078,acetylcholine,"Davis et al., 2020 (TAPIN)",fw038672,FBbt_00111763
720575940621914904,LPLC2,visual_projection,left,acetylcholine,0.4518207073339974,acetylcholine,"Davis et al., 2020 (TAPIN)",fw038675,FBbt_00111763
720575940622156799,LPLC2,visual_projection,left,acetylcholine,0.4021796761931268,acetylcholine,"Davis et al., 2020 (TAPIN)",fw038676,FBbt_00111763
720575940636999401,LPLC2,visual_projection,right,acetylcholine,0.46735955095855247,acetylcholine,"Davis et al., 2020 (TAPIN)",fw039672,FBbt_00111763
720575940624531652,LPLC2,visual_projection,left,acetylcholine,0.5076297796257929,acetylcholine,"Davis et al., 2020 (TAPIN)",fw039760,FBbt_00111763
720575940611134833,LC4,visual_projection,left,acetylcholine,0.5634265783395052,acetylcholine,"Davis et al., 2020 (TAPIN)",fw044701,FBbt_00003874
720575940616491993,LPLC2,visual_projection,right,acetylcholine,0.7510901997770381,acetylcholine,"Davis et al., 2020 (TAPIN)",fw045059,FBbt_00111763
720575940618312606,LC4,visual_projection,left,acetylcholine,0.5627326617740898,acetylcholine,"Davis et al., 2020 (TAPIN)",fw047617,FBbt_00003874
720575940628064260,LC4,visual_projection,left,acetylcholine,0.5962915630283564,acetylcholine,"Davis et al., 2020 (TAPIN)",fw047665,FBbt_00003874
720575940618676440,LC4,visual_projection,left,acetylcholine,0.5946219636060353,acetylcholine,"Davis et al., 2020 (TAPIN)",fw047782,FBbt_00003874
720575940632009167,LPLC2,visual_projection,left,acetylcholine,0.5585812509589032,acetylcholine,"Davis et al., 2020 (TAPIN)",fw050143,FBbt_00111763
