Presynaptic_ID,Postsynaptic_ID,Presynaptic_Index,Postsynaptic_Index,Connectivity,Excitatory,Excitatory x Connectivity,Presynaptic_Type,Presynaptic_Side,Postsynaptic_Side
720575940614582946,720575940632499757,20810,108748,16,1,16,LC4,right,right
720575940639817947,720575940632499757,127954,108748,16,1,16,LC4,right,right
720575940647358243,720575940632499757,135809,108748,16,1,16,LPLC2,right,right
720575940614526974,720575940632499757,20621,108748,15,1,15,LPLC2,right,right
720575940625906702,720575940632499757,73846,108748,15,1,15,LC4,right,right
720575940629292785,720575940622838154,92830,57246,15,1,15,LPLC2,left,left
720575940618608177,720575940622838154,35831,57246,15,1,15,LPLC2,left,left
720575940612462307,720575940632499757,14164,108748,15,1,15,LPLC2,right,right
720575940631095158,720575940632499757,102213,108748,14,1,14,LPLC2,right,right
720575940633580384,720575940622838154,112907,57246,14,1,14,LC4,left,left
720575940634146967,720575940632499757,114505,108748,14,1,14,LPLC2,right,right
720575940632080146,720575940622838154,106877,57246,14,1,14,LPLC2,left,left
720575940614572742,720575940622838154,20770,57246,14,1,14,LC4,left,left
720575940631032657,720575940632499757,101892,108748,14,1,14,LC4,right,right
720575940618709158,720575940632499757,36239,108748,13,1,13,LC4,right,right
720575940626626895,720575940622838154,77411,57246,13,1,13,LC4,left,left
720575940628699560,720575940622838154,89699,57246,13,1,13,LC4,left,left
720575940639177449,720575940632499757,126552,108748,13,1,13,LPLC2,right,right
720575940613470947,720575940622838154,17467,57246,12,1,12,LPLC2,left,left
720575940612968421,720575940632499757,15883,108748,12,1,12,LC4,right,right
720575940615575007,720575940622838154,24281,57246,12,1,12,LC4,left,left
720575940620314612,720575940632499757,42886,108748,12,1,12,LC4,right,right
720575940614738444,720575940622838154,21420,57246,12,1,12,LPLC2,left,left
720575940624903064,720575940632499757,68741,108748,12,1,12,LPLC2,right,right
720575940612518055,720575940622838154,14345,57246,12,1,12,LC4,left,left
720575940623333770,720575940632499757,60151,108748,12,1,12,LPLC2,right,right
720575940622108001,720575940622838154,53122,57246,12,1,12,LC4,left,left
720575940625932421,720575940632499757,73964,108748,12,1,12,LC4,right,right
720575940628518400,720575940632499757,88693,108748,12,1,12,LC4,right,right
720575940626447848,720575940632499757,76530,108748,12,1,12,LPLC2,right,right
720575940627902979,720575940632499757,85075,108748,12,1,12,LPLC2,right,right
720575940631742405,720575940632499757,105415,108748,12,1,12,LPLC2,right,right
720575940633552685,720575940632499757,112800,108748,11,1,11,LPLC2,right,right
720575940631397549,720575940632499757,103783,108748,11,1,11,LPLC2,right,right
720575940625934973,720575940622838154,73977,57246,11,1,11,LC4,left,left
720575940628990214,720575940632499757,91306,108748,11,1,11,LPLC2,right,right
720575940625216202,720575940622838154,70434,57246,11,1,11,LPLC2,left,left
720575940617289782,720575940622838154,30292,57246,11,1,11,LPLC2,left,left
720575940607845250,720575940622838154,5141,57246,11,1,11,LPLC2,left,left
720575940615232217,720575940632499757,23130,108748,11,1,11,LC4,right,right
720575940622156799,720575940622838154,53436,57246,11,1,11,LPLC2,left,left
720575940610953651,720575940632499757,10209,108748,11,1,11,LPLC2,right,right
720575940620001718,720575940632499757,41386,108748,11,1,11,LPLC2,right,right
720575940625695269,720575940622838154,72725,57246,11,1,11,LPLC2,left,left
720575940641213824,720575940632499757,130519,108748,10,1,10,LC4,right,right
720575940629384271,720575940632499757,93265,108748,10,1,10,LPLC2,right,right
720575940633013355,720575940632499757,110942,108748,10,1,10,LC4,right,right
720575940636950505,720575940632499757,121442,108748,10,1,10,LPLC2,right,right
720575940620887834,720575940632499757,46058,108748,10,1,10,LPLC2,right,right
720575940607683011,720575940632499757,4954,108748,10,1,10,LPLC2,right,right
720575940632475449,720575940632499757,108651,108748,10,1,10,LC4,right,right
720575940618266459,720575940632499757,34402,108748,10,1,10,LC4,right,right
720575940615967377,720575940632499757,25605,108748,10,1,10,LPLC2,right,right
720575940618676440,720575940622838154,36093,57246,10,1,10,LC4,left,left
720575940626916936,720575940622838154,79150,57246,10,1,10,LC4,left,left
720575940625845447,720575940632499757,73522,108748,10,1,10,LC4,right,right
720575940628039034,720575940632499757,85903,108748,9,1,9,LPLC2,right,right
720575940612498129,720575940632499757,14284,108748,9,1,9,LC4,right,right
720575940626605200,720575940622838154,77298,57246,9,1,9,LC4,left,left
720575940612380723,720575940632499757,13909,108748,9,1,9,LC4,right,right
720575940638496720,720575940622838154,124935,57246,9,1,9,LC4,left,left
720575940632715234,720575940632499757,109680,108748,9,1,9,LC4,right,right
720575940628606713,720575940632499757,89200,108748,9,1,9,LC4,right,right
720575940622769159,720575940632499757,56884,108748,9,1,9,LPLC2,right,right
720575940623827348,720575940622838154,62781,57246,9,1,9,LPLC2,left,left
720575940624755504,720575940622838154,67955,57246,9,1,9,LPLC2,left,left
720575940613804906,720575940632499757,18555,108748,9,1,9,LPLC2,right,right
720575940612944382,720575940632499757,15796,108748,9,1,9,LPLC2,right,right
720575940618234715,720575940632499757,34246,108748,9,1,9,LC4,right,right
720575940617176321,720575940622838154,29887,57246,9,1,9,LC4,left,left
720575940617348379,720575940632499757,30533,108748,9,1,9,LC4,right,right
720575940619654149,720575940632499757,39827,108748,9,1,9,LPLC2,right,right
720575940620903551,720575940622838154,46146,57246,9,1,9,LC4,left,left
720575940620731380,720575940632499757,45196,108748,9,1,9,LC4,right,right
720575940615907723,720575940622838154,25387,57246,9,1,9,LPLC2,left,left
720575940611134833,720575940622838154,10627,57246,9,1,9,LC4,left,left
720575940655750305,720575940622838154,137933,57246,9,1,9,LPLC2,left,left
720575940620314221,720575940632499757,42880,108748,9,1,9,LC4,right,right
720575940605598892,720575940622838154,1911,57246,9,1,9,LC4,left,left
720575940603637438,720575940632499757,264,108748,8,1,8,LC4,right,right
720575940631582751,720575940632499757,104684,108748,8,1,8,LPLC2,right,right
720575940612323025,720575940632499757,13728,108748,8,1,8,LC4,right,right
720575940641704656,720575940622838154,131032,57246,8,1,8,LPLC2,left,left
720575940638857048,720575940632499757,125744,108748,8,1,8,LPLC2,right,right
720575940638922624,720575940632499757,125897,108748,8,1,8,LPLC2,right,right
720575940628462340,720575940622838154,88424,57246,8,1,8,LC4,left,left
720575940628599895,720575940632499757,89165,108748,8,1,8,LC4,right,right
720575940636999401,720575940632499757,121544,108748,8,1,8,LPLC2,right,right
720575940629964591,720575940632499757,96243,108748,8,1,8,LC4,right,right
720575940631380695,720575940622838154,103701,57246,8,1,8,LPLC2,left,left
720575940635307639,720575940622838154,117525,57246,8,1,8,LPLC2,left,left
720575940616166685,720575940632499757,26360,108748,8,1,8,LPLC2,right,right
720575940624856762,720575940632499757,68461,108748,8,1,8,LC4,right,right
720575940623551684,720575940622838154,61444,57246,8,1,8,LPLC2,left,left
720575940622680088,720575940622838154,56360,57246,8,1,8,LPLC2,left,left
720575940619750822,720575940622838154,40277,57246,8,1,8,LPLC2,left,left
720575940619627934,720575940632499757,39722,108748,8,1,8,LPLC2,right,right
720575940621634913,720575940632499757,50384,108748,8,1,8,LPLC2,right,right
720575940620783180,720575940632499757,45496,108748,8,1,8,LPLC2,right,right
720575940635835967,720575940632499757,118928,108748,8,1,8,LC4,right,right
720575940645328436,720575940622838154,134164,57246,8,1,8,LPLC2,left,left
720575940617026260,720575940622838154,29383,57246,8,1,8,LC4,left,left
720575940645821316,720575940632499757,134682,108748,8,1,8,LC4,right,right
720575940618002644,720575940622838154,33149,57246,8,1,8,LC4,left,left
720575940618172509,720575940632499757,33951,108748,8,1,8,LPLC2,right,right
720575940618307046,720575940632499757,34579,108748,8,1,8,LPLC2,right,right
720575940625991043,720575940622838154,74288,57246,8,1,8,LC4,left,left
720575940635572592,720575940632499757,118209,108748,8,1,8,LPLC2,right,right
720575940628891863,720575940632499757,90786,108748,7,1,7,LC4,right,right
720575940628603842,720575940632499757,89187,108748,7,1,7,LPLC2,right,right
720575940629967703,720575940632499757,96263,108748,7,1,7,LPLC2,right,right
720575940612874536,720575940622838154,15527,57246,7,1,7,LPLC2,left,left
720575940612766691,720575940622838154,15167,57246,7,1,7,LPLC2,left,left
720575940629753807,720575940622838154,95107,57246,7,1,7,LC4,left,left
720575940633218863,720575940632499757,111699,108748,7,1,7,LC4,right,right
720575940610536290,720575940632499757,9379,108748,7,1,7,LPLC2,right,right
720575940611352234,720575940632499757,11095,108748,7,1,7,LPLC2,right,right
720575940612093351,720575940632499757,13067,108748,7,1,7,LC4,right,right
720575940614373279,720575940632499757,20166,108748,7,1,7,LPLC2,right,right
720575940613260959,720575940622838154,16836,57246,7,1,7,LC4,left,left
720575940630831185,720575940622838154,100807,57246,7,1,7,LPLC2,left,left
720575940631312428,720575940632499757,103389,108748,7,1,7,LPLC2,right,right
720575940631338271,720575940622838154,103513,57246,7,1,7,LC4,left,left
720575940635040357,720575940632499757,116704,108748,7,1,7,LPLC2,right,right
720575940628849668,720575940632499757,90573,108748,7,1,7,LPLC2,right,right
720575940625038090,720575940622838154,69551,57246,7,1,7,LC4,left,left
720575940648418425,720575940622838154,136325,57246,7,1,7,LPLC2,left,left
720575940645180196,720575940632499757,134013,108748,7,1,7,LPLC2,right,right
720575940627519107,720575940622838154,82937,57246,7,1,7,LC4,left,left
720575940628454522,720575940622838154,88373,57246,7,1,7,LC4,left,left
720575940618234704,720575940632499757,34245,108748,7,1,7,LC4,right,right
720575940625700739,720575940622838154,72757,57246,7,1,7,LPLC2,left,left
720575940618723749,720575940622838154,36310,57246,7,1,7,LC4,left,left
720575940617266722,720575940622838154,30208,57246,7,1,7,LC4,left,left
720575940624111763,720575940622838154,64467,57246,7,1,7,LC4,left,left
720575940622330582,720575940632499757,54455,108748,7,1,7,LC4,right,right
720575940621145821,720575940632499757,47583,108748,7,1,7,LC4,right,right
720575940636878682,720575940632499757,121258,108748,7,1,7,LPLC2,right,right
720575940606217138,720575940632499757,2954,108748,7,1,7,LPLC2,right,right
720575940621753579,720575940632499757,51100,108748,6,1,6,LC4,right,right
720575940626553596,720575940632499757,77031,108748,6,1,6,LC4,right,right
720575940626873000,720575940632499757,78878,108748,6,1,6,LPLC2,right,right
720575940625841351,720575940632499757,73496,108748,6,1,6,LC4,right,right
720575940623047629,720575940632499757,58436,108748,6,1,6,LPLC2,right,right
720575940615462587,720575940622838154,23927,57246,6,1,6,LC4,left,left
720575940630650936,720575940632499757,99745,108748,6,1,6,LPLC2,right,right
720575940611740569,720575940632499757,12110,108748,6,1,6,LPLC2,right,right
720575940606855554,720575940632499757,3942,108748,6,1,6,LPLC2,right,right
720575940614914107,720575940622838154,22002,57246,6,1,6,LC4,left,left
720575940615116731,720575940632499757,22701,108748,6,1,6,LPLC2,right,right
720575940652611745,720575940632499757,137218,108748,6,1,6,LC4,right,right
720575940613609484,720575940632499757,17935,108748,6,1,6,LC4,right,right
720575940624790781,720575940632499757,68119,108748,6,1,6,LC4,right,right
720575940616066705,720575940632499757,25985,108748,6,1,6,LC4,right,right
720575940624244922,720575940632499757,65254,108748,6,1,6,LPLC2,right,right
720575940618275520,720575940632499757,34445,108748,6,1,6,LC4,right,right
720575940636957006,720575940632499757,121451,108748,6,1,6,LC4,right,right
720575940616713355,720575940622838154,28213,57246,6,1,6,LC4,left,left
720575940630154660,720575940632499757,97190,108748,6,1,6,LC4,right,right
720575940634517856,720575940622838154,115387,57246,6,1,6,LC4,left,left
720575940613638041,720575940632499757,18045,108748,5,1,5,LC4,right,right
720575940612560680,720575940622838154,14493,57246,5,1,5,LPLC2,left,left
720575940661316993,720575940632499757,138623,108748,5,1,5,LPLC2,right,right
720575940622531767,720575940622838154,55583,57246,5,1,5,LC4,left,left
720575940635516084,720575940622838154,118032,57246,5,1,5,LPLC2,left,left
720575940636539102,720575940632499757,120524,108748,5,1,5,LPLC2,right,right
720575940628419527,720575940632499757,88184,108748,5,1,5,LC4,right,right
720575940628197892,720575940632499757,86797,108748,5,1,5,LPLC2,right,right
720575940632711052,720575940632499757,109663,108748,5,1,5,LPLC2,right,right
720575940632769180,720575940622838154,109955,57246,5,1,5,LC4,left,left
720575940612580977,720575940622838154,14563,57246,5,1,5,LC4,left,left
720575940637088602,720575940632499757,121733,108748,5,1,5,LPLC2,right,right
720575940613763759,720575940622838154,18413,57246,5,1,5,LPLC2,left,left
720575940628081541,720575940622838154,86146,57246,5,1,5,LC4,left,left
720575940618267227,720575940632499757,34409,108748,5,1,5,LC4,right,right
720575940617294219,720575940622838154,30313,57246,5,1,5,LPLC2,left,left
720575940639895003,720575940622838154,128134,57246,5,1,5,LPLC2,left,left
720575940640612480,720575940622838154,129665,57246,5,1,5,LC4,left,left
720575940641552347,720575940622838154,130854,57246,5,1,5,LPLC2,left,left
720575940624359093,720575940622838154,65959,57246,5,1,5,LPLC2,left,left
720575940653742753,720575940632499757,137567,108748,5,1,5,LPLC2,right,right
720575940628064260,720575940622838154,86033,57246,5,1,5,LC4,left,left
720575940627902078,720575940622838154,85065,57246,5,1,5,LPLC2,left,left
720575940618807105,720575940622838154,36646,57246,5,1,5,LC4,left,left
720575940614067167,720575940632499757,19222,108748,5,1,5,LPLC2,right,right
720575940628976956,720575940622838154,91245,57246,5,1,5,LPLC2,left,left
720575940634700980,720575940622838154,115843,57246,5,1,5,LPLC2,left,left
720575940635234478,720575940622838154,117332,57246,5,1,5,LPLC2,left,left
720575940611567638,720575940622838154,11653,57246,4,1,4,LPLC2,left,left
720575940620795728,720575940622838154,45558,57246,4,1,4,LC4,left,left
720575940653666465,720575940622838154,137555,57246,4,1,4,LPLC2,left,left
720575940607854531,720575940622838154,5157,57246,4,1,4,LPLC2,left,left
720575940636529520,720575940622838154,120493,57246,4,1,4,LPLC2,left,left
720575940613821290,720575940632499757,18594,108748,4,1,4,LPLC2,right,right
720575940619197318,720575940622838154,38211,57246,4,1,4,LPLC2,left,left
720575940617997241,720575940622838154,33127,57246,4,1,4,LPLC2,left,left
720575940649229433,720575940622838154,136520,57246,4,1,4,LC4,left,left
720575940612994929,720575940632499757,16013,108748,4,1,4,LPLC2,right,right
720575940613145258,720575940622838154,16485,57246,4,1,4,LPLC2,left,left
720575940624417584,720575940622838154,66296,57246,4,1,4,LPLC2,left,left
720575940624611002,720575940632499757,67237,108748,4,1,4,LPLC2,right,right
720575940625001735,720575940632499757,69313,108748,4,1,4,LPLC2,right,right
720575940615953302,720575940622838154,25538,57246,4,1,4,LPLC2,left,left
720575940616377817,720575940622838154,27074,57246,4,1,4,LPLC2,left,left
720575940628778058,720575940632499757,90122,108748,4,1,4,LPLC2,right,right
720575940630484495,720575940622838154,98862,57246,4,1,4,LC4,left,left
720575940630719831,720575940632499757,100157,108748,4,1,4,LPLC2,right,right
720575940622939836,720575940622838154,57783,57246,4,1,4,LC4,left,left
720575940615127227,720575940622838154,22751,57246,4,1,4,LC4,left,left
720575940615332502,720575940622838154,23467,57246,4,1,4,LPLC2,left,left
720575940624208824,720575940622838154,65063,57246,4,1,4,LPLC2,left,left
720575940618450496,720575940632499757,35171,108748,4,1,4,LPLC2,right,right
720575940625697772,720575940622838154,72742,57246,4,1,4,LPLC2,left,left
720575940625835278,720575940632499757,73464,108748,4,1,4,LPLC2,right,right
720575940626375172,720575940622838154,76164,57246,4,1,4,LPLC2,left,left
720575940627553923,720575940632499757,83138,108748,4,1,4,LPLC2,right,right
720575940610681829,720575940632499757,9658,108748,4,1,4,LPLC2,right,right
720575940610522009,720575940622838154,9350,57246,4,1,4,LC4,left,left
720575940612096462,720575940622838154,13077,57246,3,1,3,LPLC2,left,left
720575940632777124,720575940622838154,109987,57246,3,1,3,LPLC2,left,left
720575940633588320,720575940632499757,112936,108748,3,1,3,LPLC2,right,right
720575940621522458,720575940632499757,49698,108748,3,1,3,LC4,right,right
720575940621914904,720575940622838154,52037,57246,3,1,3,LPLC2,left,left
720575940603989420,720575940622838154,427,57246,3,1,3,LPLC2,left,left
720575940606126438,720575940622838154,2816,57246,3,1,3,LPLC2,left,left
720575940610226645,720575940622838154,8785,57246,3,1,3,LPLC2,left,left
720575940626414279,720575940622838154,76378,57246,3,1,3,LPLC2,left,left
720575940618312606,720575940622838154,34603,57246,3,1,3,LC4,left,left
720575940618538641,720575940632499757,35534,108748,3,1,3,LPLC2,right,right
720575940625477721,720575940622838154,71655,57246,3,1,3,LPLC2,left,left
720575940630209603,720575940622838154,97473,57246,3,1,3,LPLC2,left,left
720575940630851036,720575940622838154,100901,57246,3,1,3,LC4,left,left
720575940630998339,720575940622838154,101707,57246,3,1,3,LC4,left,left
720575940613256863,720575940622838154,16821,57246,3,1,3,LC4,left,left
720575940615055989,720575940622838154,22464,57246,3,1,3,LPLC2,left,left
720575940617480094,720575940622838154,31030,57246,3,1,3,LPLC2,left,left
720575940616116697,720575940632499757,26169,108748,3,1,3,LPLC2,right,right
720575940614631079,720575940622838154,20981,57246,3,1,3,LPLC2,left,left
720575940616083345,720575940622838154,26047,57246,3,1,3,LPLC2,left,left
720575940640302389,720575940622838154,129051,57246,3,1,3,LPLC2,left,left
720575940628921303,720575940622838154,90959,57246,3,1,3,LPLC2,left,left
720575940624017251,720575940622838154,63894,57246,3,1,3,LC4,left,left
720575940615920453,720575940632499757,25423,108748,3,1,3,LPLC2,right,right
720575940622174463,720575940632499757,53517,108748,3,1,3,LPLC2,right,right
720575940619900993,720575940622838154,40910,57246,3,1,3,LPLC2,left,left
720575940620306904,720575940622838154,42850,57246,3,1,3,LPLC2,left,left
720575940620575476,720575940632499757,44200,108748,3,1,3,LPLC2,right,right
720575940638456227,720575940622838154,124829,57246,3,1,3,LC4,left,left
720575940638626118,720575940622838154,125217,57246,3,1,3,LPLC2,left,left
720575940636295019,720575940622838154,119993,57246,3,1,3,LPLC2,left,left
720575940608088259,720575940622838154,5503,57246,2,1,2,LPLC2,left,left
720575940637958709,720575940632499757,123713,108748,2,1,2,LPLC2,right,right
720575940637702222,720575940632499757,123165,108748,2,1,2,LPLC2,right,right
720575940642414837,720575940622838154,131563,57246,2,1,2,LPLC2,left,left
720575940639878352,720575940622838154,128089,57246,2,1,2,LPLC2,left,left
720575940639109795,720575940622838154,126366,57246,2,1,2,LPLC2,left,left
720575940645407268,720575940622838154,134247,57246,2,1,2,LPLC2,left,left
720575940613219474,720575940622838154,16700,57246,2,1,2,LPLC2,left,left
720575940626745392,720575940632499757,78101,108748,2,1,2,LPLC2,right,right
720575940639884878,720575940622838154,128102,57246,2,1,2,LPLC2,left,left
720575940628395797,720575940622838154,88027,57246,2,1,2,LPLC2,left,left
720575940622312072,720575940622838154,54345,57246,2,1,2,LPLC2,left,left
720575940623769783,720575940632499757,62487,108748,2,1,2,LPLC2,right,right
720575940623925774,720575940622838154,63351,57246,2,1,2,LPLC2,left,left
720575940622425271,720575940622838154,54998,57246,2,1,2,LPLC2,left,left
720575940632512226,720575940632499757,108811,108748,2,1,2,LPLC2,right,right
720575940615053580,720575940622838154,22455,57246,2,1,2,LC4,left,left
720575940619263937,720575940622838154,38463,57246,2,1,2,LPLC2,left,left
720575940618927892,720575940622838154,37106,57246,2,1,2,LPLC2,left,left
720575940618711535,720575940632499757,36252,108748,2,1,2,LPLC2,right,right
720575940616735489,720575940632499757,28264,108748,2,1,2,LPLC2,right,right
720575940622009284,720575940622838154,52512,57246,2,1,2,LPLC2,left,left
720575940615288203,720575940632499757,23330,108748,2,1,2,LPLC2,right,right
720575940623652083,720575940622838154,61937,57246,2,1,2,LPLC2,left,left
720575940623262461,720575940622838154,59739,57246,2,1,2,LPLC2,left,left
720575940608875531,720575940622838154,6545,57246,1,1,1,LPLC2,left,left
720575940635004271,720575940622838154,116609,57246,1,1,1,LPLC2,left,left
720575940627685765,720575940622838154,83815,57246,1,1,1,LPLC2,left,left
720575940612254701,720575940632499757,13515,108748,1,1,1,LPLC2,right,right
720575940640510427,720575940632499757,129480,108748,1,1,1,LPLC2,right,right
720575940619397542,720575940622838154,38907,57246,1,1,1,LC4,left,left
720575940627368254,720575940622838154,82056,57246,1,1,1,LPLC2,left,left
720575940626161930,720575940632499757,75148,108748,1,1,1,LPLC2,right,right
720575940645699124,720575940632499757,134553,108748,1,1,1,LPLC2,right,right
720575940643740964,720575940622838154,132516,57246,1,1,1,LPLC2,left,left
720575940616491993,720575940632499757,27478,108748,1,1,1,LPLC2,right,right
720575940624531652,720575940622838154,66837,57246,1,1,1,LPLC2,left,left
720575940624919077,720575940632499757,68836,108748,1,1,1,LPLC2,right,right
720575940632009167,720575940622838154,106560,57246,1,1,1,LPLC2,left,left
720575940622992205,720575940632499757,58087,108748,1,1,1,LPLC2,right,right
720575940624014524,720575940632499757,63874,108748,1,1,1,LPLC2,right,right
720575940619981494,720575940622838154,41281,57246,1,1,1,LPLC2,left,left
720575940605825666,720575940632499757,2306,108748,1,1,1,LPLC2,right,right
